name;description;address;geometry;placepageuri;geo_point_2d
Lousteau Martial;"<!DOCTYPE html><html><head></head><body><script type=""text/javascript"">window.location.href=""https://www.google.com/earth/rpc/entity?lat=44.20106305&lng=0.6302079&fid=0x12abb31852dd739f:0x8ebb895c3d98733a&q=médecin généraliste à proximité de Agen&hl=fr&gl=fr&client=earth-client&cv=7.1.2.2041&useragent=GoogleEarth/7.1.2.2041(Windows;Microsoft Windows (6.1.7601.1);fr;kml:2.2;client:Free;type:default)"";</script></body></html>";1 Rue Francis Carco, 47000 Agen;"{""type"": ""Point"", ""coordinates"": [0.622729, 44.200776]}";"https://www.google.com/earth/rpc/entity?lat=44.20106305&lng=0.6302079&fid=0x12abb31852dd739f:0x8ebb895c3d98733a&q=médecin généraliste à proximité de Agen&hl=fr&gl=fr&client=earth-client&cv=7.1.2.2041&useragent=GoogleEarth/7.1.2.2041(Windows;Microsoft Windows (6.1.7601.1);fr;kml:2.2;client:Free;type:default)";44.200776,0.622729
Yassine Hassane;"<!DOCTYPE html><html><head></head><body><script type=""text/javascript"">window.location.href=""https://www.google.com/earth/rpc/entity?lat=44.20106305&lng=0.6302079&fid=0x12abb321b0742b31:0x6eb76aaa218a9bd7&q=médecin généraliste à proximité de Agen&hl=fr&gl=fr&client=earth-client&cv=7.1.2.2041&useragent=GoogleEarth/7.1.2.2041(Windows;Microsoft Windows (6.1.7601.1);fr;kml:2.2;client:Free;type:default)"";</script></body></html>";7 Rue des Héros Résistance, 47000 Agen;"{""type"": ""Point"", ""coordinates"": [0.6186309999999999, 44.205379]}";"https://www.google.com/earth/rpc/entity?lat=44.20106305&lng=0.6302079&fid=0x12abb321b0742b31:0x6eb76aaa218a9bd7&q=médecin généraliste à proximité de Agen&hl=fr&gl=fr&client=earth-client&cv=7.1.2.2041&useragent=GoogleEarth/7.1.2.2041(Windows;Microsoft Windows (6.1.7601.1);fr;kml:2.2;client:Free;type:default)";44.205379,0.618631
Guillet Catherine;"<!DOCTYPE html><html><head></head><body><script type=""text/javascript"">window.location.href=""https://www.google.com/earth/rpc/entity?lat=44.20106305&lng=0.6302079&fid=0x12abb305537ca87b:0x543c836223e48626&q=médecin généraliste à proximité de Agen&hl=fr&gl=fr&client=earth-client&cv=7.1.2.2041&useragent=GoogleEarth/7.1.2.2041(Windows;Microsoft Windows (6.1.7601.1);fr;kml:2.2;client:Free;type:default)"";</script></body></html>";35 Avenue Michelet, 47000 Agen;"{""type"": ""Point"", ""coordinates"": [0.630132, 44.199149]}";"https://www.google.com/earth/rpc/entity?lat=44.20106305&lng=0.6302079&fid=0x12abb305537ca87b:0x543c836223e48626&q=médecin généraliste à proximité de Agen&hl=fr&gl=fr&client=earth-client&cv=7.1.2.2041&useragent=GoogleEarth/7.1.2.2041(Windows;Microsoft Windows (6.1.7601.1);fr;kml:2.2;client:Free;type:default)";44.199149,0.630132
Seraline Robert;"<!DOCTYPE html><html><head></head><body><script type=""text/javascript"">window.location.href=""https://www.google.com/earth/rpc/entity?lat=44.20106305&lng=0.6302079&fid=0x12abb31852dd725b:0x1240b3decc33b68a&q=médecin généraliste à proximité de Agen&hl=fr&gl=fr&client=earth-client&cv=7.1.2.2041&useragent=GoogleEarth/7.1.2.2041(Windows;Microsoft Windows (6.1.7601.1);fr;kml:2.2;client:Free;type:default)"";</script></body></html>";1 Rue Francis Carco, 47000 Agen;"{""type"": ""Point"", ""coordinates"": [0.622729, 44.200776]}";"https://www.google.com/earth/rpc/entity?lat=44.20106305&lng=0.6302079&fid=0x12abb31852dd725b:0x1240b3decc33b68a&q=médecin généraliste à proximité de Agen&hl=fr&gl=fr&client=earth-client&cv=7.1.2.2041&useragent=GoogleEarth/7.1.2.2041(Windows;Microsoft Windows (6.1.7601.1);fr;kml:2.2;client:Free;type:default)";44.200776,0.622729
Tombeur Claire;"<!DOCTYPE html><html><head></head><body><script type=""text/javascript"">window.location.href=""https://www.google.com/earth/rpc/entity?lat=44.20106305&lng=0.6302079&fid=0x12abb321a34e348d:0x70ecf3e87659f56e&q=médecin généraliste à proximité de Agen&hl=fr&gl=fr&client=earth-client&cv=7.1.2.2041&useragent=GoogleEarth/7.1.2.2041(Windows;Microsoft Windows (6.1.7601.1);fr;kml:2.2;client:Free;type:default)"";</script></body></html>";2 Rue des Héros Résistance, 47000 Agen;"{""type"": ""Point"", ""coordinates"": [0.618713, 44.204985]}";"https://www.google.com/earth/rpc/entity?lat=44.20106305&lng=0.6302079&fid=0x12abb321a34e348d:0x70ecf3e87659f56e&q=médecin généraliste à proximité de Agen&hl=fr&gl=fr&client=earth-client&cv=7.1.2.2041&useragent=GoogleEarth/7.1.2.2041(Windows;Microsoft Windows (6.1.7601.1);fr;kml:2.2;client:Free;type:default)";44.204985,0.618713
Herman André;"<!DOCTYPE html><html><head></head><body><script type=""text/javascript"">window.location.href=""https://www.google.com/earth/rpc/entity?lat=44.20106305&lng=0.6302079&fid=0x12abb3221fecc9a5:0x29eca92f715a91e9&q=médecin généraliste à proximité de Agen&hl=fr&gl=fr&client=earth-client&cv=7.1.2.2041&useragent=GoogleEarth/7.1.2.2041(Windows;Microsoft Windows (6.1.7601.1);fr;kml:2.2;client:Free;type:default)"";</script></body></html>";7 Place des Droits de l'Homme, 47000 Agen;"{""type"": ""Point"", ""coordinates"": [0.619305, 44.203568]}";"https://www.google.com/earth/rpc/entity?lat=44.20106305&lng=0.6302079&fid=0x12abb3221fecc9a5:0x29eca92f715a91e9&q=médecin généraliste à proximité de Agen&hl=fr&gl=fr&client=earth-client&cv=7.1.2.2041&useragent=GoogleEarth/7.1.2.2041(Windows;Microsoft Windows (6.1.7601.1);fr;kml:2.2;client:Free;type:default)";44.203568,0.619305
Cabinet Médical des Docteurs Dubos Barrailh Favre;"<!DOCTYPE html><html><head></head><body><script type=""text/javascript"">window.location.href=""https://www.google.com/earth/rpc/entity?lat=44.20106305&lng=0.6302079&fid=0x12abb31f7ca52613:0x49604e5937b90106&q=médecin généraliste à proximité de Agen&hl=fr&gl=fr&client=earth-client&cv=7.1.2.2041&useragent=GoogleEarth/7.1.2.2041(Windows;Microsoft Windows (6.1.7601.1);fr;kml:2.2;client:Free;type:default)"";</script></body></html>";135 Boulevard du Président Carnot, 47000 Agen;"{""type"": ""Point"", ""coordinates"": [0.620575, 44.205381]}";"https://www.google.com/earth/rpc/entity?lat=44.20106305&lng=0.6302079&fid=0x12abb31f7ca52613:0x49604e5937b90106&q=médecin généraliste à proximité de Agen&hl=fr&gl=fr&client=earth-client&cv=7.1.2.2041&useragent=GoogleEarth/7.1.2.2041(Windows;Microsoft Windows (6.1.7601.1);fr;kml:2.2;client:Free;type:default)";44.205381,0.620575
Ferrando Mary Florence;"<!DOCTYPE html><html><head></head><body><script type=""text/javascript"">window.location.href=""https://www.google.com/earth/rpc/entity?lat=44.20106305&lng=0.6302079&fid=0x12abb31f9441d7a1:0x859a0374cc44263e&q=médecin généraliste à proximité de Agen&hl=fr&gl=fr&client=earth-client&cv=7.1.2.2041&useragent=GoogleEarth/7.1.2.2041(Windows;Microsoft Windows (6.1.7601.1);fr;kml:2.2;client:Free;type:default)"";</script></body></html>";2 Ter Rue André Mazeau, 47000 Agen;"{""type"": ""Point"", ""coordinates"": [0.621402, 44.206819]}";"https://www.google.com/earth/rpc/entity?lat=44.20106305&lng=0.6302079&fid=0x12abb31f9441d7a1:0x859a0374cc44263e&q=médecin généraliste à proximité de Agen&hl=fr&gl=fr&client=earth-client&cv=7.1.2.2041&useragent=GoogleEarth/7.1.2.2041(Windows;Microsoft Windows (6.1.7601.1);fr;kml:2.2;client:Free;type:default)";44.206819,0.621402
Delage Pierre;"<!DOCTYPE html><html><head></head><body><script type=""text/javascript"">window.location.href=""https://www.google.com/earth/rpc/entity?lat=44.20106305&lng=0.6302079&fid=0x12abb252485d8a3d:0x759d52b4427d71a6&q=médecin généraliste à proximité de Agen&hl=fr&gl=fr&client=earth-client&cv=7.1.2.2041&useragent=GoogleEarth/7.1.2.2041(Windows;Microsoft Windows (6.1.7601.1);fr;kml:2.2;client:Free;type:default)"";</script></body></html>";577 Avenue Léon Blum, 47000 Agen;"{""type"": ""Point"", ""coordinates"": [0.646898, 44.21162]}";"https://www.google.com/earth/rpc/entity?lat=44.20106305&lng=0.6302079&fid=0x12abb252485d8a3d:0x759d52b4427d71a6&q=médecin généraliste à proximité de Agen&hl=fr&gl=fr&client=earth-client&cv=7.1.2.2041&useragent=GoogleEarth/7.1.2.2041(Windows;Microsoft Windows (6.1.7601.1);fr;kml:2.2;client:Free;type:default)";44.21162,0.646898
Pédespan Bernard;"<!DOCTYPE html><html><head></head><body><script type=""text/javascript"">window.location.href=""https://www.google.com/earth/rpc/entity?lat=44.20106305&lng=0.6302079&fid=0x12abb31eb1e20ebd:0x4939191a4458de69&q=médecin généraliste à proximité de Agen&hl=fr&gl=fr&client=earth-client&cv=7.1.2.2041&useragent=GoogleEarth/7.1.2.2041(Windows;Microsoft Windows (6.1.7601.1);fr;kml:2.2;client:Free;type:default)"";</script></body></html>";1 Cours du 14 Juillet, 47000 Agen;"{""type"": ""Point"", ""coordinates"": [0.624281, 44.203601]}";"https://www.google.com/earth/rpc/entity?lat=44.20106305&lng=0.6302079&fid=0x12abb31eb1e20ebd:0x4939191a4458de69&q=médecin généraliste à proximité de Agen&hl=fr&gl=fr&client=earth-client&cv=7.1.2.2041&useragent=GoogleEarth/7.1.2.2041(Windows;Microsoft Windows (6.1.7601.1);fr;kml:2.2;client:Free;type:default)";44.203601,0.624281
Castel Jean Claude;"<!DOCTYPE html><html><head></head><body><script type=""text/javascript"">window.location.href=""https://www.google.com/earth/rpc/entity?lat=44.20106305&lng=0.6302079&fid=0x12abb2d88375b30b:0x94c39acd84b0baf2&q=médecin généraliste à proximité de Agen&hl=fr&gl=fr&client=earth-client&cv=7.1.2.2041&useragent=GoogleEarth/7.1.2.2041(Windows;Microsoft Windows (6.1.7601.1);fr;kml:2.2;client:Free;type:default)"";</script></body></html>";13 Quai du Dr et Madame Calabet, 47000 Agen;"{""type"": ""Point"", ""coordinates"": [0.6139359999999999, 44.208644]}";"https://www.google.com/earth/rpc/entity?lat=44.20106305&lng=0.6302079&fid=0x12abb2d88375b30b:0x94c39acd84b0baf2&q=médecin généraliste à proximité de Agen&hl=fr&gl=fr&client=earth-client&cv=7.1.2.2041&useragent=GoogleEarth/7.1.2.2041(Windows;Microsoft Windows (6.1.7601.1);fr;kml:2.2;client:Free;type:default)";44.208644,0.613936
Beaussier Anne Diététicienne - Nutritionniste;"<!DOCTYPE html><html><head></head><body><script type=""text/javascript"">window.location.href=""https://www.google.com/earth/rpc/entity?lat=44.20106305&lng=0.6302079&fid=0x12abb3187fc8ab6f:0x8972a58cc60406fe&q=médecin généraliste à proximité de Agen&hl=fr&gl=fr&client=earth-client&cv=7.1.2.2041&useragent=GoogleEarth/7.1.2.2041(Windows;Microsoft Windows (6.1.7601.1);fr;kml:2.2;client:Free;type:default)"";</script></body></html>";36 Boulevard du Président Carnot, 47000 Agen;"{""type"": ""Point"", ""coordinates"": [0.620632, 44.201166]}";"https://www.google.com/earth/rpc/entity?lat=44.20106305&lng=0.6302079&fid=0x12abb3187fc8ab6f:0x8972a58cc60406fe&q=médecin généraliste à proximité de Agen&hl=fr&gl=fr&client=earth-client&cv=7.1.2.2041&useragent=GoogleEarth/7.1.2.2041(Windows;Microsoft Windows (6.1.7601.1);fr;kml:2.2;client:Free;type:default)";44.201166,0.620632
Dugast Laurent;"<!DOCTYPE html><html><head></head><body><script type=""text/javascript"">window.location.href=""https://www.google.com/earth/rpc/entity?lat=44.20106305&lng=0.6302079&fid=0x12abb32162c701e7:0xe3dc95c03b6e625e&q=médecin généraliste à proximité de Agen&hl=fr&gl=fr&client=earth-client&cv=7.1.2.2041&useragent=GoogleEarth/7.1.2.2041(Windows;Microsoft Windows (6.1.7601.1);fr;kml:2.2;client:Free;type:default)"";</script></body></html>";123 Rue Montesquieu, 47000 Agen;"{""type"": ""Point"", ""coordinates"": [0.6173029999999999, 44.20366]}";"https://www.google.com/earth/rpc/entity?lat=44.20106305&lng=0.6302079&fid=0x12abb32162c701e7:0xe3dc95c03b6e625e&q=médecin généraliste à proximité de Agen&hl=fr&gl=fr&client=earth-client&cv=7.1.2.2041&useragent=GoogleEarth/7.1.2.2041(Windows;Microsoft Windows (6.1.7601.1);fr;kml:2.2;client:Free;type:default)";44.20366,0.617303
Deliot Rodrigue;"<!DOCTYPE html><html><head></head><body><script type=""text/javascript"">window.location.href=""https://www.google.com/earth/rpc/entity?lat=44.20106305&lng=0.6302079&fid=0x12abb324086f8e2b:0x2e28925d650e66a3&q=médecin généraliste à proximité de Agen&hl=fr&gl=fr&client=earth-client&cv=7.1.2.2041&useragent=GoogleEarth/7.1.2.2041(Windows;Microsoft Windows (6.1.7601.1);fr;kml:2.2;client:Free;type:default)"";</script></body></html>";8 Place du Dr Esquirol, 47000 Agen;"{""type"": ""Point"", ""coordinates"": [0.615571, 44.202871]}";"https://www.google.com/earth/rpc/entity?lat=44.20106305&lng=0.6302079&fid=0x12abb324086f8e2b:0x2e28925d650e66a3&q=médecin généraliste à proximité de Agen&hl=fr&gl=fr&client=earth-client&cv=7.1.2.2041&useragent=GoogleEarth/7.1.2.2041(Windows;Microsoft Windows (6.1.7601.1);fr;kml:2.2;client:Free;type:default)";44.202871,0.615571
Lamey Françoise;"<!DOCTYPE html><html><head></head><body><script type=""text/javascript"">window.location.href=""https://www.google.com/earth/rpc/entity?lat=44.20106305&lng=0.6302079&fid=0x12abb3218325eb95:0xd5ab8aa81dcbac7b&q=médecin généraliste à proximité de Agen&hl=fr&gl=fr&client=earth-client&cv=7.1.2.2041&useragent=GoogleEarth/7.1.2.2041(Windows;Microsoft Windows (6.1.7601.1);fr;kml:2.2;client:Free;type:default)"";</script></body></html>";14 Place Jean-Baptiste Durand, 47000 Agen;"{""type"": ""Point"", ""coordinates"": [0.6183219999999999, 44.204105]}";"https://www.google.com/earth/rpc/entity?lat=44.20106305&lng=0.6302079&fid=0x12abb3218325eb95:0xd5ab8aa81dcbac7b&q=médecin généraliste à proximité de Agen&hl=fr&gl=fr&client=earth-client&cv=7.1.2.2041&useragent=GoogleEarth/7.1.2.2041(Windows;Microsoft Windows (6.1.7601.1);fr;kml:2.2;client:Free;type:default)";44.204105,0.618322
Joulie Jacqueline;"<!DOCTYPE html><html><head></head><body><script type=""text/javascript"">window.location.href=""https://www.google.com/earth/rpc/entity?lat=44.20106305&lng=0.6302079&fid=0x12abb324a32228f5:0x8939220dfc11aab3&q=médecin généraliste à proximité de Agen&hl=fr&gl=fr&client=earth-client&cv=7.1.2.2041&useragent=GoogleEarth/7.1.2.2041(Windows;Microsoft Windows (6.1.7601.1);fr;kml:2.2;client:Free;type:default)"";</script></body></html>";48 Rue Lamouroux, 47000 Agen;"{""type"": ""Point"", ""coordinates"": [0.6150909999999999, 44.199923]}";"https://www.google.com/earth/rpc/entity?lat=44.20106305&lng=0.6302079&fid=0x12abb324a32228f5:0x8939220dfc11aab3&q=médecin généraliste à proximité de Agen&hl=fr&gl=fr&client=earth-client&cv=7.1.2.2041&useragent=GoogleEarth/7.1.2.2041(Windows;Microsoft Windows (6.1.7601.1);fr;kml:2.2;client:Free;type:default)";44.199923,0.615091
Sarrazin et Séhabiague SCM;"<!DOCTYPE html><html><head></head><body><script type=""text/javascript"">window.location.href=""https://www.google.com/earth/rpc/entity?lat=44.20106305&lng=0.6302079&fid=0x12abb31f8c3c1c71:0x43eba468b907bf26&q=médecin généraliste à proximité de Agen&hl=fr&gl=fr&client=earth-client&cv=7.1.2.2041&useragent=GoogleEarth/7.1.2.2041(Windows;Microsoft Windows (6.1.7601.1);fr;kml:2.2;client:Free;type:default)"";</script></body></html>";112 Boulevard du Président Carnot, 47000 Agen;"{""type"": ""Point"", ""coordinates"": [0.6209100000000001, 44.20696]}";"https://www.google.com/earth/rpc/entity?lat=44.20106305&lng=0.6302079&fid=0x12abb31f8c3c1c71:0x43eba468b907bf26&q=médecin généraliste à proximité de Agen&hl=fr&gl=fr&client=earth-client&cv=7.1.2.2041&useragent=GoogleEarth/7.1.2.2041(Windows;Microsoft Windows (6.1.7601.1);fr;kml:2.2;client:Free;type:default)";44.20696,0.62091
Drapeau Cyrille;"<!DOCTYPE html><html><head></head><body><script type=""text/javascript"">window.location.href=""https://www.google.com/earth/rpc/entity?lat=44.20106305&lng=0.6302079&fid=0x12abb31852dd725b:0x8a7a6d11cf1ec81c&q=médecin généraliste à proximité de Agen&hl=fr&gl=fr&client=earth-client&cv=7.1.2.2041&useragent=GoogleEarth/7.1.2.2041(Windows;Microsoft Windows (6.1.7601.1);fr;kml:2.2;client:Free;type:default)"";</script></body></html>";1 Rue Francis Carco, 47000 Agen;"{""type"": ""Point"", ""coordinates"": [0.622729, 44.200776]}";"https://www.google.com/earth/rpc/entity?lat=44.20106305&lng=0.6302079&fid=0x12abb31852dd725b:0x8a7a6d11cf1ec81c&q=médecin généraliste à proximité de Agen&hl=fr&gl=fr&client=earth-client&cv=7.1.2.2041&useragent=GoogleEarth/7.1.2.2041(Windows;Microsoft Windows (6.1.7601.1);fr;kml:2.2;client:Free;type:default)";44.200776,0.622729
Boyer Cécile;"<!DOCTYPE html><html><head></head><body><script type=""text/javascript"">window.location.href=""https://www.google.com/earth/rpc/entity?lat=44.20106305&lng=0.6302079&fid=0x12abb31b86b2b9b5:0x740df447c2493394&q=médecin généraliste à proximité de Agen&hl=fr&gl=fr&client=earth-client&cv=7.1.2.2041&useragent=GoogleEarth/7.1.2.2041(Windows;Microsoft Windows (6.1.7601.1);fr;kml:2.2;client:Free;type:default)"";</script></body></html>";7 Bis Rue Jegun de Marans, 47000 Agen;"{""type"": ""Point"", ""coordinates"": [0.627142, 44.203313]}";"https://www.google.com/earth/rpc/entity?lat=44.20106305&lng=0.6302079&fid=0x12abb31b86b2b9b5:0x740df447c2493394&q=médecin généraliste à proximité de Agen&hl=fr&gl=fr&client=earth-client&cv=7.1.2.2041&useragent=GoogleEarth/7.1.2.2041(Windows;Microsoft Windows (6.1.7601.1);fr;kml:2.2;client:Free;type:default)";44.203313,0.627142
Brugel Gérard;"<!DOCTYPE html><html><head></head><body><script type=""text/javascript"">window.location.href=""https://www.google.com/earth/rpc/entity?lat=44.20106305&lng=0.6302079&fid=0x12abb32295f2bfe5:0x9ec444a9357070c7&q=médecin généraliste à proximité de Agen&hl=fr&gl=fr&client=earth-client&cv=7.1.2.2041&useragent=GoogleEarth/7.1.2.2041(Windows;Microsoft Windows (6.1.7601.1);fr;kml:2.2;client:Free;type:default)"";</script></body></html>";20 Rue de Strasbourg, 47000 Agen;"{""type"": ""Point"", ""coordinates"": [0.6199169999999999, 44.19931]}";"https://www.google.com/earth/rpc/entity?lat=44.20106305&lng=0.6302079&fid=0x12abb32295f2bfe5:0x9ec444a9357070c7&q=médecin généraliste à proximité de Agen&hl=fr&gl=fr&client=earth-client&cv=7.1.2.2041&useragent=GoogleEarth/7.1.2.2041(Windows;Microsoft Windows (6.1.7601.1);fr;kml:2.2;client:Free;type:default)";44.19931,0.619917
Roccati Jean-Marc;"<!DOCTYPE html><html><head></head><body><script type=""text/javascript"">window.location.href=""https://www.google.com/earth/rpc/entity?lat=44.203466500000005&lng=0.6191125&fid=0x12abb3226a12a669:0x94a22bff2aaa206d&q=médecin généraliste à proximité de Agen&hl=fr&gl=fr&client=earth-client&cv=7.1.2.2041&useragent=GoogleEarth/7.1.2.2041(Windows;Microsoft Windows (6.1.7601.1);fr;kml:2.2;client:Free;type:default)"";</script></body></html>";32 Cours Washington, 47000 Agen;"{""type"": ""Point"", ""coordinates"": [0.619292, 44.202078]}";"https://www.google.com/earth/rpc/entity?lat=44.203466500000005&lng=0.6191125&fid=0x12abb3226a12a669:0x94a22bff2aaa206d&q=médecin généraliste à proximité de Agen&hl=fr&gl=fr&client=earth-client&cv=7.1.2.2041&useragent=GoogleEarth/7.1.2.2041(Windows;Microsoft Windows (6.1.7601.1);fr;kml:2.2;client:Free;type:default)";44.202078,0.619292
Delard Jean-Christophe;"<!DOCTYPE html><html><head></head><body><script type=""text/javascript"">window.location.href=""https://www.google.com/earth/rpc/entity?lat=44.20106305&lng=0.6302079&fid=0x12abb31c64ec54c5:0x46f5f8818b478d5f&q=médecin généraliste à proximité de Agen&hl=fr&gl=fr&client=earth-client&cv=7.1.2.2041&useragent=GoogleEarth/7.1.2.2041(Windows;Microsoft Windows (6.1.7601.1);fr;kml:2.2;client:Free;type:default)"";</script></body></html>";217 Avenue Jean Jaurès, 47000 Agen;"{""type"": ""Point"", ""coordinates"": [0.6270800000000001, 44.204158]}";"https://www.google.com/earth/rpc/entity?lat=44.20106305&lng=0.6302079&fid=0x12abb31c64ec54c5:0x46f5f8818b478d5f&q=médecin généraliste à proximité de Agen&hl=fr&gl=fr&client=earth-client&cv=7.1.2.2041&useragent=GoogleEarth/7.1.2.2041(Windows;Microsoft Windows (6.1.7601.1);fr;kml:2.2;client:Free;type:default)";44.204158,0.62708
Odievre Brigitte;"<!DOCTYPE html><html><head></head><body><script type=""text/javascript"">window.location.href=""https://www.google.com/earth/rpc/entity?lat=44.20106305&lng=0.6302079&fid=0x12abb3268ef3d099:0xc941811a113e3df5&q=médecin généraliste à proximité de Agen&hl=fr&gl=fr&client=earth-client&cv=7.1.2.2041&useragent=GoogleEarth/7.1.2.2041(Windows;Microsoft Windows (6.1.7601.1);fr;kml:2.2;client:Free;type:default)"";</script></body></html>";19 Boulevard de la République, 47000 Agen;"{""type"": ""Point"", ""coordinates"": [0.613709, 44.204475]}";"https://www.google.com/earth/rpc/entity?lat=44.20106305&lng=0.6302079&fid=0x12abb3268ef3d099:0xc941811a113e3df5&q=médecin généraliste à proximité de Agen&hl=fr&gl=fr&client=earth-client&cv=7.1.2.2041&useragent=GoogleEarth/7.1.2.2041(Windows;Microsoft Windows (6.1.7601.1);fr;kml:2.2;client:Free;type:default)";44.204475,0.613709
Favre Antoine;"<!DOCTYPE html><html><head></head><body><script type=""text/javascript"">window.location.href=""https://www.google.com/earth/rpc/entity?lat=44.20106305&lng=0.6302079&fid=0x12abb31f7cbd6bf9:0xcd2255a2f0cfb0f8&q=médecin généraliste à proximité de Agen&hl=fr&gl=fr&client=earth-client&cv=7.1.2.2041&useragent=GoogleEarth/7.1.2.2041(Windows;Microsoft Windows (6.1.7601.1);fr;kml:2.2;client:Free;type:default)"";</script></body></html>";135 Boulevard du Président Carnot, 47000 Agen;"{""type"": ""Point"", ""coordinates"": [0.620575, 44.205381]}";"https://www.google.com/earth/rpc/entity?lat=44.20106305&lng=0.6302079&fid=0x12abb31f7cbd6bf9:0xcd2255a2f0cfb0f8&q=médecin généraliste à proximité de Agen&hl=fr&gl=fr&client=earth-client&cv=7.1.2.2041&useragent=GoogleEarth/7.1.2.2041(Windows;Microsoft Windows (6.1.7601.1);fr;kml:2.2;client:Free;type:default)";44.205381,0.620575
Paolini Bruno;"<!DOCTYPE html><html><head></head><body><script type=""text/javascript"">window.location.href=""https://www.google.com/earth/rpc/entity?lat=44.20106305&lng=0.6302079&fid=0x12abb3698b5c194f:0x4349bae1f08cc44c&q=médecin généraliste à proximité de Agen&hl=fr&gl=fr&client=earth-client&cv=7.1.2.2041&useragent=GoogleEarth/7.1.2.2041(Windows;Microsoft Windows (6.1.7601.1);fr;kml:2.2;client:Free;type:default)"";</script></body></html>";748 Avenue du Général Leclerc, 47000 Agen;"{""type"": ""Point"", ""coordinates"": [0.6216119999999999, 44.184287]}";"https://www.google.com/earth/rpc/entity?lat=44.20106305&lng=0.6302079&fid=0x12abb3698b5c194f:0x4349bae1f08cc44c&q=médecin généraliste à proximité de Agen&hl=fr&gl=fr&client=earth-client&cv=7.1.2.2041&useragent=GoogleEarth/7.1.2.2041(Windows;Microsoft Windows (6.1.7601.1);fr;kml:2.2;client:Free;type:default)";44.184287,0.621612
Tustes René;"<!DOCTYPE html><html><head></head><body><script type=""text/javascript"">window.location.href=""https://www.google.com/earth/rpc/entity?lat=44.20106305&lng=0.6302079&fid=0x12abb31c3dcb1f6b:0x148bb6f18b3f74e8&q=médecin généraliste à proximité de Agen&hl=fr&gl=fr&client=earth-client&cv=7.1.2.2041&useragent=GoogleEarth/7.1.2.2041(Windows;Microsoft Windows (6.1.7601.1);fr;kml:2.2;client:Free;type:default)"";</script></body></html>";13 Place du 14 Juillet, 47000 Agen;"{""type"": ""Point"", ""coordinates"": [0.625931, 44.204791]}";"https://www.google.com/earth/rpc/entity?lat=44.20106305&lng=0.6302079&fid=0x12abb31c3dcb1f6b:0x148bb6f18b3f74e8&q=médecin généraliste à proximité de Agen&hl=fr&gl=fr&client=earth-client&cv=7.1.2.2041&useragent=GoogleEarth/7.1.2.2041(Windows;Microsoft Windows (6.1.7601.1);fr;kml:2.2;client:Free;type:default)";44.204791,0.625931
Léa Pheby - Ostéopathe;"<!DOCTYPE html><html><head></head><body><script type=""text/javascript"">window.location.href=""https://www.google.com/earth/rpc/entity?lat=44.20106305&lng=0.6302079&fid=0x12abb31f7a417c4f:0xdc200438393081d2&q=médecin généraliste à proximité de Agen&hl=fr&gl=fr&client=earth-client&cv=7.1.2.2041&useragent=GoogleEarth/7.1.2.2041(Windows;Microsoft Windows (6.1.7601.1);fr;kml:2.2;client:Free;type:default)"";</script></body></html>";26 Rue Grenouilla, 47000 Agen;"{""type"": ""Point"", ""coordinates"": [0.621053, 44.205492]}";"https://www.google.com/earth/rpc/entity?lat=44.20106305&lng=0.6302079&fid=0x12abb31f7a417c4f:0xdc200438393081d2&q=médecin généraliste à proximité de Agen&hl=fr&gl=fr&client=earth-client&cv=7.1.2.2041&useragent=GoogleEarth/7.1.2.2041(Windows;Microsoft Windows (6.1.7601.1);fr;kml:2.2;client:Free;type:default)";44.205492,0.621053
Labbé Béatrice;"<!DOCTYPE html><html><head></head><body><script type=""text/javascript"">window.location.href=""https://www.google.com/earth/rpc/entity?lat=44.20106305&lng=0.6302079&fid=0x12abb31a2fe129ab:0x5187ba5b88bfc0c9&q=médecin généraliste à proximité de Agen&hl=fr&gl=fr&client=earth-client&cv=7.1.2.2041&useragent=GoogleEarth/7.1.2.2041(Windows;Microsoft Windows (6.1.7601.1);fr;kml:2.2;client:Free;type:default)"";</script></body></html>";29 Bis Boulevard Eugène Pelletan, 47000 Agen;"{""type"": ""Point"", ""coordinates"": [0.625567, 44.200757]}";"https://www.google.com/earth/rpc/entity?lat=44.20106305&lng=0.6302079&fid=0x12abb31a2fe129ab:0x5187ba5b88bfc0c9&q=médecin généraliste à proximité de Agen&hl=fr&gl=fr&client=earth-client&cv=7.1.2.2041&useragent=GoogleEarth/7.1.2.2041(Windows;Microsoft Windows (6.1.7601.1);fr;kml:2.2;client:Free;type:default)";44.200757,0.625567
Chaboussou Jean-Pierre;"<!DOCTYPE html><html><head></head><body><script type=""text/javascript"">window.location.href=""https://www.google.com/earth/rpc/entity?lat=44.20106305&lng=0.6302079&fid=0x12abb32046024121:0x97d9db9def87ee0b&q=médecin généraliste à proximité de Agen&hl=fr&gl=fr&client=earth-client&cv=7.1.2.2041&useragent=GoogleEarth/7.1.2.2041(Windows;Microsoft Windows (6.1.7601.1);fr;kml:2.2;client:Free;type:default)"";</script></body></html>";9 Rue Raspail, 47000 Agen;"{""type"": ""Point"", ""coordinates"": [0.618811, 44.20652]}";"https://www.google.com/earth/rpc/entity?lat=44.20106305&lng=0.6302079&fid=0x12abb32046024121:0x97d9db9def87ee0b&q=médecin généraliste à proximité de Agen&hl=fr&gl=fr&client=earth-client&cv=7.1.2.2041&useragent=GoogleEarth/7.1.2.2041(Windows;Microsoft Windows (6.1.7601.1);fr;kml:2.2;client:Free;type:default)";44.20652,0.618811
Séverac Pascal;"<!DOCTYPE html><html><head></head><body><script type=""text/javascript"">window.location.href=""https://www.google.com/earth/rpc/entity?lat=44.20106305&lng=0.6302079&fid=0x12abb3221fecc95b:0xe12745de03cccbc5&q=médecin généraliste à proximité de Agen&hl=fr&gl=fr&client=earth-client&cv=7.1.2.2041&useragent=GoogleEarth/7.1.2.2041(Windows;Microsoft Windows (6.1.7601.1);fr;kml:2.2;client:Free;type:default)"";</script></body></html>";7 Place des Droits de l'Homme, 47000 Agen;"{""type"": ""Point"", ""coordinates"": [0.619305, 44.203568]}";"https://www.google.com/earth/rpc/entity?lat=44.20106305&lng=0.6302079&fid=0x12abb3221fecc95b:0xe12745de03cccbc5&q=médecin généraliste à proximité de Agen&hl=fr&gl=fr&client=earth-client&cv=7.1.2.2041&useragent=GoogleEarth/7.1.2.2041(Windows;Microsoft Windows (6.1.7601.1);fr;kml:2.2;client:Free;type:default)";44.203568,0.619305
Pagès Marc;"<!DOCTYPE html><html><head></head><body><script type=""text/javascript"">window.location.href=""https://www.google.com/earth/rpc/entity?lat=44.20106305&lng=0.6302079&fid=0x12abb31eb3304737:0x66f2d1cab5b30c6f&q=médecin généraliste à proximité de Agen&hl=fr&gl=fr&client=earth-client&cv=7.1.2.2041&useragent=GoogleEarth/7.1.2.2041(Windows;Microsoft Windows (6.1.7601.1);fr;kml:2.2;client:Free;type:default)"";</script></body></html>";3 Cours du 14 Juillet, 47000 Agen;"{""type"": ""Point"", ""coordinates"": [0.624281, 44.203601]}";"https://www.google.com/earth/rpc/entity?lat=44.20106305&lng=0.6302079&fid=0x12abb31eb3304737:0x66f2d1cab5b30c6f&q=médecin généraliste à proximité de Agen&hl=fr&gl=fr&client=earth-client&cv=7.1.2.2041&useragent=GoogleEarth/7.1.2.2041(Windows;Microsoft Windows (6.1.7601.1);fr;kml:2.2;client:Free;type:default)";44.203601,0.624281
Moryoussef Annie;"<!DOCTYPE html><html><head></head><body><script type=""text/javascript"">window.location.href=""https://www.google.com/earth/rpc/entity?lat=44.20106305&lng=0.6302079&fid=0x12abb328c39beac7:0xf3cdb9ea618ed49&q=médecin généraliste à proximité de Agen&hl=fr&gl=fr&client=earth-client&cv=7.1.2.2041&useragent=GoogleEarth/7.1.2.2041(Windows;Microsoft Windows (6.1.7601.1);fr;kml:2.2;client:Free;type:default)"";</script></body></html>";30 Impasse Gérard Duvergé, 47000 Agen;"{""type"": ""Point"", ""coordinates"": [0.609328, 44.204637]}";"https://www.google.com/earth/rpc/entity?lat=44.20106305&lng=0.6302079&fid=0x12abb328c39beac7:0xf3cdb9ea618ed49&q=médecin généraliste à proximité de Agen&hl=fr&gl=fr&client=earth-client&cv=7.1.2.2041&useragent=GoogleEarth/7.1.2.2041(Windows;Microsoft Windows (6.1.7601.1);fr;kml:2.2;client:Free;type:default)";44.204637,0.609328
Cabinet Neurologique des Docteurs Larrieu et Pédestan;"<!DOCTYPE html><html><head></head><body><script type=""text/javascript"">window.location.href=""https://www.google.com/earth/rpc/entity?lat=44.20106305&lng=0.6302079&fid=0x12abb31eb1e20ebd:0xc0ddb5914475b321&q=médecin généraliste à proximité de Agen&hl=fr&gl=fr&client=earth-client&cv=7.1.2.2041&useragent=GoogleEarth/7.1.2.2041(Windows;Microsoft Windows (6.1.7601.1);fr;kml:2.2;client:Free;type:default)"";</script></body></html>";1 Cours du 14 Juillet, 47000 Agen;"{""type"": ""Point"", ""coordinates"": [0.624281, 44.203601]}";"https://www.google.com/earth/rpc/entity?lat=44.20106305&lng=0.6302079&fid=0x12abb31eb1e20ebd:0xc0ddb5914475b321&q=médecin généraliste à proximité de Agen&hl=fr&gl=fr&client=earth-client&cv=7.1.2.2041&useragent=GoogleEarth/7.1.2.2041(Windows;Microsoft Windows (6.1.7601.1);fr;kml:2.2;client:Free;type:default)";44.203601,0.624281
Boyer Pierre-Luc;"<!DOCTYPE html><html><head></head><body><script type=""text/javascript"">window.location.href=""https://www.google.com/earth/rpc/entity?lat=44.20106305&lng=0.6302079&fid=0x12abb3698b5c194f:0xa9d974e9c414b24c&q=médecin généraliste à proximité de Agen&hl=fr&gl=fr&client=earth-client&cv=7.1.2.2041&useragent=GoogleEarth/7.1.2.2041(Windows;Microsoft Windows (6.1.7601.1);fr;kml:2.2;client:Free;type:default)"";</script></body></html>";748 Avenue du Général Leclerc, 47000 Agen;"{""type"": ""Point"", ""coordinates"": [0.62104, 44.185863]}";"https://www.google.com/earth/rpc/entity?lat=44.20106305&lng=0.6302079&fid=0x12abb3698b5c194f:0xa9d974e9c414b24c&q=médecin généraliste à proximité de Agen&hl=fr&gl=fr&client=earth-client&cv=7.1.2.2041&useragent=GoogleEarth/7.1.2.2041(Windows;Microsoft Windows (6.1.7601.1);fr;kml:2.2;client:Free;type:default)";44.185863,0.62104
Thibau Douce Catherine Solange;"<!DOCTYPE html><html><head></head><body><script type=""text/javascript"">window.location.href=""https://www.google.com/earth/rpc/entity?lat=44.20106305&lng=0.6302079&fid=0x12abb318ae2a2a75:0x17448db4faf298c5&q=médecin généraliste à proximité de Agen&hl=fr&gl=fr&client=earth-client&cv=7.1.2.2041&useragent=GoogleEarth/7.1.2.2041(Windows;Microsoft Windows (6.1.7601.1);fr;kml:2.2;client:Free;type:default)"";</script></body></html>";12 Rue de l'École Vieille, 47000 Agen;"{""type"": ""Point"", ""coordinates"": [0.620976, 44.203051]}";"https://www.google.com/earth/rpc/entity?lat=44.20106305&lng=0.6302079&fid=0x12abb318ae2a2a75:0x17448db4faf298c5&q=médecin généraliste à proximité de Agen&hl=fr&gl=fr&client=earth-client&cv=7.1.2.2041&useragent=GoogleEarth/7.1.2.2041(Windows;Microsoft Windows (6.1.7601.1);fr;kml:2.2;client:Free;type:default)";44.203051,0.620976
De Bortoli Rigo;"<!DOCTYPE html><html><head></head><body><script type=""text/javascript"">window.location.href=""https://www.google.com/earth/rpc/entity?lat=44.20106305&lng=0.6302079&fid=0x12abb326f50fc6cb:0x63a8a01ac05d369a&q=médecin généraliste à proximité de Agen&hl=fr&gl=fr&client=earth-client&cv=7.1.2.2041&useragent=GoogleEarth/7.1.2.2041(Windows;Microsoft Windows (6.1.7601.1);fr;kml:2.2;client:Free;type:default)"";</script></body></html>";15 Rue Béranger, 47000 Agen;"{""type"": ""Point"", ""coordinates"": [0.61331, 44.204898]}";"https://www.google.com/earth/rpc/entity?lat=44.20106305&lng=0.6302079&fid=0x12abb326f50fc6cb:0x63a8a01ac05d369a&q=médecin généraliste à proximité de Agen&hl=fr&gl=fr&client=earth-client&cv=7.1.2.2041&useragent=GoogleEarth/7.1.2.2041(Windows;Microsoft Windows (6.1.7601.1);fr;kml:2.2;client:Free;type:default)";44.204898,0.61331
Jasmin scm;"<!DOCTYPE html><html><head></head><body><script type=""text/javascript"">window.location.href=""https://www.google.com/earth/rpc/entity?lat=44.20106305&lng=0.6302079&fid=0x12abb3698b5c194f:0xa542bbdbe7653e3e&q=médecin généraliste à proximité de Agen&hl=fr&gl=fr&client=earth-client&cv=7.1.2.2041&useragent=GoogleEarth/7.1.2.2041(Windows;Microsoft Windows (6.1.7601.1);fr;kml:2.2;client:Free;type:default)"";</script></body></html>";748 Avenue du Général Leclerc, 47000 Agen;"{""type"": ""Point"", ""coordinates"": [0.62104, 44.185864]}";"https://www.google.com/earth/rpc/entity?lat=44.20106305&lng=0.6302079&fid=0x12abb3698b5c194f:0xa542bbdbe7653e3e&q=médecin généraliste à proximité de Agen&hl=fr&gl=fr&client=earth-client&cv=7.1.2.2041&useragent=GoogleEarth/7.1.2.2041(Windows;Microsoft Windows (6.1.7601.1);fr;kml:2.2;client:Free;type:default)";44.185864,0.62104
Clinique Calabet;"<!DOCTYPE html><html><head></head><body><script type=""text/javascript"">window.location.href=""https://www.google.com/earth/rpc/entity?lat=44.20106305&lng=0.6302079&fid=0x12abb2d88375b30b:0x65452f8262c1391e&q=médecin généraliste à proximité de Agen&hl=fr&gl=fr&client=earth-client&cv=7.1.2.2041&useragent=GoogleEarth/7.1.2.2041(Windows;Microsoft Windows (6.1.7601.1);fr;kml:2.2;client:Free;type:default)"";</script></body></html>";13 Quai du Dr et Madame Calabet, 47000 Agen;"{""type"": ""Point"", ""coordinates"": [0.6139359999999999, 44.208644]}";"https://www.google.com/earth/rpc/entity?lat=44.20106305&lng=0.6302079&fid=0x12abb2d88375b30b:0x65452f8262c1391e&q=médecin généraliste à proximité de Agen&hl=fr&gl=fr&client=earth-client&cv=7.1.2.2041&useragent=GoogleEarth/7.1.2.2041(Windows;Microsoft Windows (6.1.7601.1);fr;kml:2.2;client:Free;type:default)";44.208644,0.613936
Arecap;"<!DOCTYPE html><html><head></head><body><script type=""text/javascript"">window.location.href=""https://www.google.com/earth/rpc/entity?lat=44.20106305&lng=0.6302079&fid=0x12abb321e06dcfa5:0x4be8db51922d4b2e&q=médecin généraliste à proximité de Agen&hl=fr&gl=fr&client=earth-client&cv=7.1.2.2041&useragent=GoogleEarth/7.1.2.2041(Windows;Microsoft Windows (6.1.7601.1);fr;kml:2.2;client:Free;type:default)"";</script></body></html>";13 Rue Grenouilla, 47000 Agen;"{""type"": ""Point"", ""coordinates"": [0.620217, 44.204716]}";"https://www.google.com/earth/rpc/entity?lat=44.20106305&lng=0.6302079&fid=0x12abb321e06dcfa5:0x4be8db51922d4b2e&q=médecin généraliste à proximité de Agen&hl=fr&gl=fr&client=earth-client&cv=7.1.2.2041&useragent=GoogleEarth/7.1.2.2041(Windows;Microsoft Windows (6.1.7601.1);fr;kml:2.2;client:Free;type:default)";44.204716,0.620217
Garagnani-Tapesar Marie-Christine;"<!DOCTYPE html><html><head></head><body><script type=""text/javascript"">window.location.href=""https://www.google.com/earth/rpc/entity?lat=44.20106305&lng=0.6302079&fid=0x12abb31e3820b293:0x2038f67038240ecd&q=médecin généraliste à proximité de Agen&hl=fr&gl=fr&client=earth-client&cv=7.1.2.2041&useragent=GoogleEarth/7.1.2.2041(Windows;Microsoft Windows (6.1.7601.1);fr;kml:2.2;client:Free;type:default)"";</script></body></html>";39 Rue Alsace Lorraine, 47000 Agen;"{""type"": ""Point"", ""coordinates"": [0.623277, 44.207209]}";"https://www.google.com/earth/rpc/entity?lat=44.20106305&lng=0.6302079&fid=0x12abb31e3820b293:0x2038f67038240ecd&q=médecin généraliste à proximité de Agen&hl=fr&gl=fr&client=earth-client&cv=7.1.2.2041&useragent=GoogleEarth/7.1.2.2041(Windows;Microsoft Windows (6.1.7601.1);fr;kml:2.2;client:Free;type:default)";44.207209,0.623277
Roullet Jean;"<!DOCTYPE html><html><head></head><body><script type=""text/javascript"">window.location.href=""https://www.google.com/earth/rpc/entity?lat=44.203466500000005&lng=0.6191125&fid=0x12abb321e7d6ba49:0x470e1fc8f006fa65&q=médecin généraliste à proximité de Agen&hl=fr&gl=fr&client=earth-client&cv=7.1.2.2041&useragent=GoogleEarth/7.1.2.2041(Windows;Microsoft Windows (6.1.7601.1);fr;kml:2.2;client:Free;type:default)"";</script></body></html>";5 Place La Fayette, 47000 Agen;"{""type"": ""Point"", ""coordinates"": [0.6198400000000001, 44.20462]}";"https://www.google.com/earth/rpc/entity?lat=44.203466500000005&lng=0.6191125&fid=0x12abb321e7d6ba49:0x470e1fc8f006fa65&q=médecin généraliste à proximité de Agen&hl=fr&gl=fr&client=earth-client&cv=7.1.2.2041&useragent=GoogleEarth/7.1.2.2041(Windows;Microsoft Windows (6.1.7601.1);fr;kml:2.2;client:Free;type:default)";44.20462,0.61984
Cabinet Neurologique des Docteurs Larrieu et Pédestan;"<!DOCTYPE html><html><head></head><body><script type=""text/javascript"">window.location.href=""https://www.google.com/earth/rpc/entity?lat=44.203466500000005&lng=0.6191125&fid=0x12abb31eb1e20ebd:0xc0ddb5914475b321&q=médecin généraliste à proximité de Agen&hl=fr&gl=fr&client=earth-client&cv=7.1.2.2041&useragent=GoogleEarth/7.1.2.2041(Windows;Microsoft Windows (6.1.7601.1);fr;kml:2.2;client:Free;type:default)"";</script></body></html>";1 Cours du 14 Juillet, 47000 Agen;"{""type"": ""Point"", ""coordinates"": [0.624281, 44.203601]}";"https://www.google.com/earth/rpc/entity?lat=44.203466500000005&lng=0.6191125&fid=0x12abb31eb1e20ebd:0xc0ddb5914475b321&q=médecin généraliste à proximité de Agen&hl=fr&gl=fr&client=earth-client&cv=7.1.2.2041&useragent=GoogleEarth/7.1.2.2041(Windows;Microsoft Windows (6.1.7601.1);fr;kml:2.2;client:Free;type:default)";44.203601,0.624281
Bourdeau Bertrand;"<!DOCTYPE html><html><head></head><body><script type=""text/javascript"">window.location.href=""https://www.google.com/earth/rpc/entity?lat=44.20106305&lng=0.6302079&fid=0x12abb32263c424dd:0xcc39becdfca374ae&q=médecin généraliste à proximité de Agen&hl=fr&gl=fr&client=earth-client&cv=7.1.2.2041&useragent=GoogleEarth/7.1.2.2041(Windows;Microsoft Windows (6.1.7601.1);fr;kml:2.2;client:Free;type:default)"";</script></body></html>";16 Cours Victor Hugo, 47000 Agen;"{""type"": ""Point"", ""coordinates"": [0.619633, 44.201325]}";"https://www.google.com/earth/rpc/entity?lat=44.20106305&lng=0.6302079&fid=0x12abb32263c424dd:0xcc39becdfca374ae&q=médecin généraliste à proximité de Agen&hl=fr&gl=fr&client=earth-client&cv=7.1.2.2041&useragent=GoogleEarth/7.1.2.2041(Windows;Microsoft Windows (6.1.7601.1);fr;kml:2.2;client:Free;type:default)";44.201325,0.619633
Lassalle Martine;"<!DOCTYPE html><html><head></head><body><script type=""text/javascript"">window.location.href=""https://www.google.com/earth/rpc/entity?lat=44.203466500000005&lng=0.6191125&fid=0x12abb323c56e0d87:0xa9db727c7f72594c&q=médecin généraliste à proximité de Agen&hl=fr&gl=fr&client=earth-client&cv=7.1.2.2041&useragent=GoogleEarth/7.1.2.2041(Windows;Microsoft Windows (6.1.7601.1);fr;kml:2.2;client:Free;type:default)"";</script></body></html>";1 Bis Rue Ledru Rollin, 47000 Agen;"{""type"": ""Point"", ""coordinates"": [0.6174419999999999, 44.202945]}";"https://www.google.com/earth/rpc/entity?lat=44.203466500000005&lng=0.6191125&fid=0x12abb323c56e0d87:0xa9db727c7f72594c&q=médecin généraliste à proximité de Agen&hl=fr&gl=fr&client=earth-client&cv=7.1.2.2041&useragent=GoogleEarth/7.1.2.2041(Windows;Microsoft Windows (6.1.7601.1);fr;kml:2.2;client:Free;type:default)";44.202945,0.617442
Gavarini Gavarini-rougeck Isabelle;"<!DOCTYPE html><html><head></head><body><script type=""text/javascript"">window.location.href=""https://www.google.com/earth/rpc/entity?lat=44.203466500000005&lng=0.6191125&fid=0x12abb324300a13f1:0x1817823d5b827414&q=médecin généraliste à proximité de Agen&hl=fr&gl=fr&client=earth-client&cv=7.1.2.2041&useragent=GoogleEarth/7.1.2.2041(Windows;Microsoft Windows (6.1.7601.1);fr;kml:2.2;client:Free;type:default)"";</script></body></html>";27 Rue Richard Cœur de Lion, 47000 Agen;"{""type"": ""Point"", ""coordinates"": [0.613841, 44.203005]}";"https://www.google.com/earth/rpc/entity?lat=44.203466500000005&lng=0.6191125&fid=0x12abb324300a13f1:0x1817823d5b827414&q=médecin généraliste à proximité de Agen&hl=fr&gl=fr&client=earth-client&cv=7.1.2.2041&useragent=GoogleEarth/7.1.2.2041(Windows;Microsoft Windows (6.1.7601.1);fr;kml:2.2;client:Free;type:default)";44.203005,0.613841
Baudonnat Bruno;"<!DOCTYPE html><html><head></head><body><script type=""text/javascript"">window.location.href=""https://www.google.com/earth/rpc/entity?lat=44.20106305&lng=0.6302079&fid=0x12abb310f0f7d28f:0xc725825243731583&q=médecin généraliste à proximité de Agen&hl=fr&gl=fr&client=earth-client&cv=7.1.2.2041&useragent=GoogleEarth/7.1.2.2041(Windows;Microsoft Windows (6.1.7601.1);fr;kml:2.2;client:Free;type:default)"";</script></body></html>";53 Boulevard Édouard Lacour, 47000 Agen;"{""type"": ""Point"", ""coordinates"": [0.627045, 44.197095]}";"https://www.google.com/earth/rpc/entity?lat=44.20106305&lng=0.6302079&fid=0x12abb310f0f7d28f:0xc725825243731583&q=médecin généraliste à proximité de Agen&hl=fr&gl=fr&client=earth-client&cv=7.1.2.2041&useragent=GoogleEarth/7.1.2.2041(Windows;Microsoft Windows (6.1.7601.1);fr;kml:2.2;client:Free;type:default)";44.197095,0.627045
Dubos François;"<!DOCTYPE html><html><head></head><body><script type=""text/javascript"">window.location.href=""https://www.google.com/earth/rpc/entity?lat=44.20106305&lng=0.6302079&fid=0x12abb31f7cbd6bf9:0x59f6a032dc881cb1&q=médecin généraliste à proximité de Agen&hl=fr&gl=fr&client=earth-client&cv=7.1.2.2041&useragent=GoogleEarth/7.1.2.2041(Windows;Microsoft Windows (6.1.7601.1);fr;kml:2.2;client:Free;type:default)"";</script></body></html>";135 Boulevard du Président Carnot, 47000 Agen;"{""type"": ""Point"", ""coordinates"": [0.620575, 44.205381]}";"https://www.google.com/earth/rpc/entity?lat=44.20106305&lng=0.6302079&fid=0x12abb31f7cbd6bf9:0x59f6a032dc881cb1&q=médecin généraliste à proximité de Agen&hl=fr&gl=fr&client=earth-client&cv=7.1.2.2041&useragent=GoogleEarth/7.1.2.2041(Windows;Microsoft Windows (6.1.7601.1);fr;kml:2.2;client:Free;type:default)";44.205381,0.620575
Docteur Patrick ANGOTTI;"<!DOCTYPE html><html><head></head><body><script type=""text/javascript"">window.location.href=""https://www.google.com/earth/rpc/entity?lat=44.20106305&lng=0.6302079&fid=0x12abb3259f44d353:0xdbc01e98eb12c68&q=médecin généraliste à proximité de Agen&hl=fr&gl=fr&client=earth-client&cv=7.1.2.2041&useragent=GoogleEarth/7.1.2.2041(Windows;Microsoft Windows (6.1.7601.1);fr;kml:2.2;client:Free;type:default)"";</script></body></html>";Clinique Esquirol St Hilaire, 1 rue du Dr et Mme Delmas, 47000 Agen;"{""type"": ""Point"", ""coordinates"": [0.629428, 44.186096]}";"https://www.google.com/earth/rpc/entity?lat=44.20106305&lng=0.6302079&fid=0x12abb3259f44d353:0xdbc01e98eb12c68&q=médecin généraliste à proximité de Agen&hl=fr&gl=fr&client=earth-client&cv=7.1.2.2041&useragent=GoogleEarth/7.1.2.2041(Windows;Microsoft Windows (6.1.7601.1);fr;kml:2.2;client:Free;type:default)";44.186096,0.629428
Jouanno Laure Ostéopathe D.O;"<!DOCTYPE html><html><head></head><body><script type=""text/javascript"">window.location.href=""https://www.google.com/earth/rpc/entity?lat=44.20106305&lng=0.6302079&fid=0x12abb31807a6ef75:0x707e8867c105f6c6&q=médecin généraliste à proximité de Agen&hl=fr&gl=fr&client=earth-client&cv=7.1.2.2041&useragent=GoogleEarth/7.1.2.2041(Windows;Microsoft Windows (6.1.7601.1);fr;kml:2.2;client:Free;type:default)"";</script></body></html>";22 Boulevard du Président Carnot, 47000 Agen;"{""type"": ""Point"", ""coordinates"": [0.620514, 44.199271]}";"https://www.google.com/earth/rpc/entity?lat=44.20106305&lng=0.6302079&fid=0x12abb31807a6ef75:0x707e8867c105f6c6&q=médecin généraliste à proximité de Agen&hl=fr&gl=fr&client=earth-client&cv=7.1.2.2041&useragent=GoogleEarth/7.1.2.2041(Windows;Microsoft Windows (6.1.7601.1);fr;kml:2.2;client:Free;type:default)";44.199271,0.620514
Nieto Patrick;"<!DOCTYPE html><html><head></head><body><script type=""text/javascript"">window.location.href=""https://www.google.com/earth/rpc/entity?lat=44.20106305&lng=0.6302079&fid=0x12abb308408937f7:0x3d7d93bff9497068&q=médecin généraliste à proximité de Agen&hl=fr&gl=fr&client=earth-client&cv=7.1.2.2041&useragent=GoogleEarth/7.1.2.2041(Windows;Microsoft Windows (6.1.7601.1);fr;kml:2.2;client:Free;type:default)"";</script></body></html>";310 Rue Mozart, 47000 Agen;"{""type"": ""Point"", ""coordinates"": [0.638066, 44.197304]}";"https://www.google.com/earth/rpc/entity?lat=44.20106305&lng=0.6302079&fid=0x12abb308408937f7:0x3d7d93bff9497068&q=médecin généraliste à proximité de Agen&hl=fr&gl=fr&client=earth-client&cv=7.1.2.2041&useragent=GoogleEarth/7.1.2.2041(Windows;Microsoft Windows (6.1.7601.1);fr;kml:2.2;client:Free;type:default)";44.197304,0.638066
Chaudruc Bordin-chaudruc Marie;"<!DOCTYPE html><html><head></head><body><script type=""text/javascript"">window.location.href=""https://www.google.com/earth/rpc/entity?lat=44.20106305&lng=0.6302079&fid=0x12abb322999c085d:0xd6d55a558f3f6423&q=médecin généraliste à proximité de Agen&hl=fr&gl=fr&client=earth-client&cv=7.1.2.2041&useragent=GoogleEarth/7.1.2.2041(Windows;Microsoft Windows (6.1.7601.1);fr;kml:2.2;client:Free;type:default)"";</script></body></html>";2 Rue Pierre Courbet, 47000 Agen;"{""type"": ""Point"", ""coordinates"": [0.619954, 44.200247]}";"https://www.google.com/earth/rpc/entity?lat=44.20106305&lng=0.6302079&fid=0x12abb322999c085d:0xd6d55a558f3f6423&q=médecin généraliste à proximité de Agen&hl=fr&gl=fr&client=earth-client&cv=7.1.2.2041&useragent=GoogleEarth/7.1.2.2041(Windows;Microsoft Windows (6.1.7601.1);fr;kml:2.2;client:Free;type:default)";44.200247,0.619954
Gatt Hubert;"<!DOCTYPE html><html><head></head><body><script type=""text/javascript"">window.location.href=""https://www.google.com/earth/rpc/entity?lat=44.20106305&lng=0.6302079&fid=0x12abb31f5833250f:0x4de2e3f22525ae5c&q=médecin généraliste à proximité de Agen&hl=fr&gl=fr&client=earth-client&cv=7.1.2.2041&useragent=GoogleEarth/7.1.2.2041(Windows;Microsoft Windows (6.1.7601.1);fr;kml:2.2;client:Free;type:default)"";</script></body></html>";117 Boulevard du Président Carnot, 47000 Agen;"{""type"": ""Point"", ""coordinates"": [0.620495, 44.204155]}";"https://www.google.com/earth/rpc/entity?lat=44.20106305&lng=0.6302079&fid=0x12abb31f5833250f:0x4de2e3f22525ae5c&q=médecin généraliste à proximité de Agen&hl=fr&gl=fr&client=earth-client&cv=7.1.2.2041&useragent=GoogleEarth/7.1.2.2041(Windows;Microsoft Windows (6.1.7601.1);fr;kml:2.2;client:Free;type:default)";44.204155,0.620495
Lefort Bernard;"<!DOCTYPE html><html><head></head><body><script type=""text/javascript"">window.location.href=""https://www.google.com/earth/rpc/entity?lat=44.20106305&lng=0.6302079&fid=0x12abb317a68a2745:0x4b71c7e205e184ba&q=médecin généraliste à proximité de Agen&hl=fr&gl=fr&client=earth-client&cv=7.1.2.2041&useragent=GoogleEarth/7.1.2.2041(Windows;Microsoft Windows (6.1.7601.1);fr;kml:2.2;client:Free;type:default)"";</script></body></html>";35 Rue René Cassin, 47000 Agen;"{""type"": ""Point"", ""coordinates"": [0.622441, 44.196902]}";"https://www.google.com/earth/rpc/entity?lat=44.20106305&lng=0.6302079&fid=0x12abb317a68a2745:0x4b71c7e205e184ba&q=médecin généraliste à proximité de Agen&hl=fr&gl=fr&client=earth-client&cv=7.1.2.2041&useragent=GoogleEarth/7.1.2.2041(Windows;Microsoft Windows (6.1.7601.1);fr;kml:2.2;client:Free;type:default)";44.196902,0.622441
Maraud Bernadette;"<!DOCTYPE html><html><head></head><body><script type=""text/javascript"">window.location.href=""https://www.google.com/earth/rpc/entity?lat=44.20106305&lng=0.6302079&fid=0x12abb32326303b05:0xc837071c8e4a694d&q=médecin généraliste à proximité de Agen&hl=fr&gl=fr&client=earth-client&cv=7.1.2.2041&useragent=GoogleEarth/7.1.2.2041(Windows;Microsoft Windows (6.1.7601.1);fr;kml:2.2;client:Free;type:default)"";</script></body></html>";4 Rue de Strasbourg, 47000 Agen;"{""type"": ""Point"", ""coordinates"": [0.618171, 44.199379]}";"https://www.google.com/earth/rpc/entity?lat=44.20106305&lng=0.6302079&fid=0x12abb32326303b05:0xc837071c8e4a694d&q=médecin généraliste à proximité de Agen&hl=fr&gl=fr&client=earth-client&cv=7.1.2.2041&useragent=GoogleEarth/7.1.2.2041(Windows;Microsoft Windows (6.1.7601.1);fr;kml:2.2;client:Free;type:default)";44.199379,0.618171
Eymard Claude;"<!DOCTYPE html><html><head></head><body><script type=""text/javascript"">window.location.href=""https://www.google.com/earth/rpc/entity?lat=44.20106305&lng=0.6302079&fid=0x12abb32226447a9f:0x748a20d814acd189&q=médecin généraliste à proximité de Agen&hl=fr&gl=fr&client=earth-client&cv=7.1.2.2041&useragent=GoogleEarth/7.1.2.2041(Windows;Microsoft Windows (6.1.7601.1);fr;kml:2.2;client:Free;type:default)"";</script></body></html>";16 Rue des Droits de l'Homme, 47000 Agen;"{""type"": ""Point"", ""coordinates"": [0.618775, 44.203293]}";"https://www.google.com/earth/rpc/entity?lat=44.20106305&lng=0.6302079&fid=0x12abb32226447a9f:0x748a20d814acd189&q=médecin généraliste à proximité de Agen&hl=fr&gl=fr&client=earth-client&cv=7.1.2.2041&useragent=GoogleEarth/7.1.2.2041(Windows;Microsoft Windows (6.1.7601.1);fr;kml:2.2;client:Free;type:default)";44.203293,0.618775
Soulie Didier;"<!DOCTYPE html><html><head></head><body><script type=""text/javascript"">window.location.href=""https://www.google.com/earth/rpc/entity?lat=44.20106305&lng=0.6302079&fid=0x12abb2d88375b30b:0x22f9d2770b463be7&q=médecin généraliste à proximité de Agen&hl=fr&gl=fr&client=earth-client&cv=7.1.2.2041&useragent=GoogleEarth/7.1.2.2041(Windows;Microsoft Windows (6.1.7601.1);fr;kml:2.2;client:Free;type:default)"";</script></body></html>";13 Quai du Dr et Madame Calabet, 47000 Agen;"{""type"": ""Point"", ""coordinates"": [0.6139359999999999, 44.208644]}";"https://www.google.com/earth/rpc/entity?lat=44.20106305&lng=0.6302079&fid=0x12abb2d88375b30b:0x22f9d2770b463be7&q=médecin généraliste à proximité de Agen&hl=fr&gl=fr&client=earth-client&cv=7.1.2.2041&useragent=GoogleEarth/7.1.2.2041(Windows;Microsoft Windows (6.1.7601.1);fr;kml:2.2;client:Free;type:default)";44.208644,0.613936
Ginestet Jean-Yves;"<!DOCTYPE html><html><head></head><body><script type=""text/javascript"">window.location.href=""https://www.google.com/earth/rpc/entity?lat=44.20106305&lng=0.6302079&fid=0x12abb32050e52bc1:0x9a50613797cb8d21&q=médecin généraliste à proximité de Agen&hl=fr&gl=fr&client=earth-client&cv=7.1.2.2041&useragent=GoogleEarth/7.1.2.2041(Windows;Microsoft Windows (6.1.7601.1);fr;kml:2.2;client:Free;type:default)"";</script></body></html>";2 Place Armand Fallières, 47000 Agen;"{""type"": ""Point"", ""coordinates"": [0.6164419999999999, 44.200541]}";"https://www.google.com/earth/rpc/entity?lat=44.20106305&lng=0.6302079&fid=0x12abb32050e52bc1:0x9a50613797cb8d21&q=médecin généraliste à proximité de Agen&hl=fr&gl=fr&client=earth-client&cv=7.1.2.2041&useragent=GoogleEarth/7.1.2.2041(Windows;Microsoft Windows (6.1.7601.1);fr;kml:2.2;client:Free;type:default)";44.200541,0.616442
Cabinet de Radiologie des Docteurs Lousteau Seraline Drapeau et Cha-Banus;"<!DOCTYPE html><html><head></head><body><script type=""text/javascript"">window.location.href=""https://www.google.com/earth/rpc/entity?lat=44.20106305&lng=0.6302079&fid=0x12abb31852dd739f:0x73bbba80f6ac9b32&q=médecin généraliste à proximité de Agen&hl=fr&gl=fr&client=earth-client&cv=7.1.2.2041&useragent=GoogleEarth/7.1.2.2041(Windows;Microsoft Windows (6.1.7601.1);fr;kml:2.2;client:Free;type:default)"";</script></body></html>";3 Rue Francis Carco, 47000 Agen;"{""type"": ""Point"", ""coordinates"": [0.622587, 44.200792]}";"https://www.google.com/earth/rpc/entity?lat=44.20106305&lng=0.6302079&fid=0x12abb31852dd739f:0x73bbba80f6ac9b32&q=médecin généraliste à proximité de Agen&hl=fr&gl=fr&client=earth-client&cv=7.1.2.2041&useragent=GoogleEarth/7.1.2.2041(Windows;Microsoft Windows (6.1.7601.1);fr;kml:2.2;client:Free;type:default)";44.200792,0.622587
Centre Médico Social Montanou;"<!DOCTYPE html><html><head></head><body><script type=""text/javascript"">window.location.href=""https://www.google.com/earth/rpc/entity?lat=44.20106305&lng=0.6302079&fid=0x12abb251f32095d1:0xf874102538fafa3f&q=médecin généraliste à proximité de Agen&hl=fr&gl=fr&client=earth-client&cv=7.1.2.2041&useragent=GoogleEarth/7.1.2.2041(Windows;Microsoft Windows (6.1.7601.1);fr;kml:2.2;client:Free;type:default)"";</script></body></html>";Rue Blaise de Monluc, 47000 Agen;"{""type"": ""Point"", ""coordinates"": [0.647631, 44.213391]}";"https://www.google.com/earth/rpc/entity?lat=44.20106305&lng=0.6302079&fid=0x12abb251f32095d1:0xf874102538fafa3f&q=médecin généraliste à proximité de Agen&hl=fr&gl=fr&client=earth-client&cv=7.1.2.2041&useragent=GoogleEarth/7.1.2.2041(Windows;Microsoft Windows (6.1.7601.1);fr;kml:2.2;client:Free;type:default)";44.213391,0.647631
Ismaël Nazir-Ben;"<!DOCTYPE html><html><head></head><body><script type=""text/javascript"">window.location.href=""https://www.google.com/earth/rpc/entity?lat=44.20106305&lng=0.6302079&fid=0x12abb322781cab3f:0x5a36a059e6550ea0&q=médecin généraliste à proximité de Agen&hl=fr&gl=fr&client=earth-client&cv=7.1.2.2041&useragent=GoogleEarth/7.1.2.2041(Windows;Microsoft Windows (6.1.7601.1);fr;kml:2.2;client:Free;type:default)"";</script></body></html>";26 Cours Victor Hugo, 47000 Agen;"{""type"": ""Point"", ""coordinates"": [0.620435, 44.201701]}";"https://www.google.com/earth/rpc/entity?lat=44.20106305&lng=0.6302079&fid=0x12abb322781cab3f:0x5a36a059e6550ea0&q=médecin généraliste à proximité de Agen&hl=fr&gl=fr&client=earth-client&cv=7.1.2.2041&useragent=GoogleEarth/7.1.2.2041(Windows;Microsoft Windows (6.1.7601.1);fr;kml:2.2;client:Free;type:default)";44.201701,0.620435
Aftimos Joseph;"<!DOCTYPE html><html><head></head><body><script type=""text/javascript"">window.location.href=""https://www.google.com/earth/rpc/entity?lat=44.203466500000005&lng=0.6191125&fid=0x12abb321b0742b31:0x61b73ba0d746d063&q=médecin généraliste à proximité de Agen&hl=fr&gl=fr&client=earth-client&cv=7.1.2.2041&useragent=GoogleEarth/7.1.2.2041(Windows;Microsoft Windows (6.1.7601.1);fr;kml:2.2;client:Free;type:default)"";</script></body></html>";7 Rue des Héros Résistance, 47000 Agen;"{""type"": ""Point"", ""coordinates"": [0.6186309999999999, 44.205379]}";"https://www.google.com/earth/rpc/entity?lat=44.203466500000005&lng=0.6191125&fid=0x12abb321b0742b31:0x61b73ba0d746d063&q=médecin généraliste à proximité de Agen&hl=fr&gl=fr&client=earth-client&cv=7.1.2.2041&useragent=GoogleEarth/7.1.2.2041(Windows;Microsoft Windows (6.1.7601.1);fr;kml:2.2;client:Free;type:default)";44.205379,0.618631
Martin Thévenot Monique;"<!DOCTYPE html><html><head></head><body><script type=""text/javascript"">window.location.href=""https://www.google.com/earth/rpc/entity?lat=44.20106305&lng=0.6302079&fid=0x12abb321c7d5a32b:0xc87ca49776350781&q=médecin généraliste à proximité de Agen&hl=fr&gl=fr&client=earth-client&cv=7.1.2.2041&useragent=GoogleEarth/7.1.2.2041(Windows;Microsoft Windows (6.1.7601.1);fr;kml:2.2;client:Free;type:default)"";</script></body></html>";11 Rue Roussanes, 47000 Agen;"{""type"": ""Point"", ""coordinates"": [0.6192639999999999, 44.205347]}";"https://www.google.com/earth/rpc/entity?lat=44.20106305&lng=0.6302079&fid=0x12abb321c7d5a32b:0xc87ca49776350781&q=médecin généraliste à proximité de Agen&hl=fr&gl=fr&client=earth-client&cv=7.1.2.2041&useragent=GoogleEarth/7.1.2.2041(Windows;Microsoft Windows (6.1.7601.1);fr;kml:2.2;client:Free;type:default)";44.205347,0.619264
Mounac Cazals Muriel;"<!DOCTYPE html><html><head></head><body><script type=""text/javascript"">window.location.href=""https://www.google.com/earth/rpc/entity?lat=44.203466500000005&lng=0.6191125&fid=0x12abb3224f8ddd4d:0x8136ef21279c6fa2&q=médecin généraliste à proximité de Agen&hl=fr&gl=fr&client=earth-client&cv=7.1.2.2041&useragent=GoogleEarth/7.1.2.2041(Windows;Microsoft Windows (6.1.7601.1);fr;kml:2.2;client:Free;type:default)"";</script></body></html>";20 Cours Washington, 47000 Agen;"{""type"": ""Point"", ""coordinates"": [0.618796, 44.201873]}";"https://www.google.com/earth/rpc/entity?lat=44.203466500000005&lng=0.6191125&fid=0x12abb3224f8ddd4d:0x8136ef21279c6fa2&q=médecin généraliste à proximité de Agen&hl=fr&gl=fr&client=earth-client&cv=7.1.2.2041&useragent=GoogleEarth/7.1.2.2041(Windows;Microsoft Windows (6.1.7601.1);fr;kml:2.2;client:Free;type:default)";44.201873,0.618796
Pilin Dominique;"<!DOCTYPE html><html><head></head><body><script type=""text/javascript"">window.location.href=""https://www.google.com/earth/rpc/entity?lat=44.20106305&lng=0.6302079&fid=0x12abb31f567b10a5:0x13c51c5126e5f919&q=médecin généraliste à proximité de Agen&hl=fr&gl=fr&client=earth-client&cv=7.1.2.2041&useragent=GoogleEarth/7.1.2.2041(Windows;Microsoft Windows (6.1.7601.1);fr;kml:2.2;client:Free;type:default)"";</script></body></html>";111 Boulevard du Président Carnot, 47000 Agen;"{""type"": ""Point"", ""coordinates"": [0.620539, 44.203885]}";"https://www.google.com/earth/rpc/entity?lat=44.20106305&lng=0.6302079&fid=0x12abb31f567b10a5:0x13c51c5126e5f919&q=médecin généraliste à proximité de Agen&hl=fr&gl=fr&client=earth-client&cv=7.1.2.2041&useragent=GoogleEarth/7.1.2.2041(Windows;Microsoft Windows (6.1.7601.1);fr;kml:2.2;client:Free;type:default)";44.203885,0.620539
Imad Chaaban;"<!DOCTYPE html><html><head></head><body><script type=""text/javascript"">window.location.href=""https://www.google.com/earth/rpc/entity?lat=44.20106305&lng=0.6302079&fid=0x12abb36a6d120e0d:0xce2d326098cfb8af&q=médecin généraliste à proximité de Agen&hl=fr&gl=fr&client=earth-client&cv=7.1.2.2041&useragent=GoogleEarth/7.1.2.2041(Windows;Microsoft Windows (6.1.7601.1);fr;kml:2.2;client:Free;type:default)"";</script></body></html>";748 Avenue du Général Leclerc, 47000 Agen;"{""type"": ""Point"", ""coordinates"": [0.621157, 44.185885999999996]}";"https://www.google.com/earth/rpc/entity?lat=44.20106305&lng=0.6302079&fid=0x12abb36a6d120e0d:0xce2d326098cfb8af&q=médecin généraliste à proximité de Agen&hl=fr&gl=fr&client=earth-client&cv=7.1.2.2041&useragent=GoogleEarth/7.1.2.2041(Windows;Microsoft Windows (6.1.7601.1);fr;kml:2.2;client:Free;type:default)";44.185886,0.621157
Daumas Laurent Emmanuel Michel;"<!DOCTYPE html><html><head></head><body><script type=""text/javascript"">window.location.href=""https://www.google.com/earth/rpc/entity?lat=44.203466500000005&lng=0.6191125&fid=0x12abb321a090cb9f:0x3437faf3804962fb&q=médecin généraliste à proximité de Agen&hl=fr&gl=fr&client=earth-client&cv=7.1.2.2041&useragent=GoogleEarth/7.1.2.2041(Windows;Microsoft Windows (6.1.7601.1);fr;kml:2.2;client:Free;type:default)"";</script></body></html>";67 Boulevard de la République, 47000 Agen;"{""type"": ""Point"", ""coordinates"": [0.618074, 44.205031]}";"https://www.google.com/earth/rpc/entity?lat=44.203466500000005&lng=0.6191125&fid=0x12abb321a090cb9f:0x3437faf3804962fb&q=médecin généraliste à proximité de Agen&hl=fr&gl=fr&client=earth-client&cv=7.1.2.2041&useragent=GoogleEarth/7.1.2.2041(Windows;Microsoft Windows (6.1.7601.1);fr;kml:2.2;client:Free;type:default)";44.205031,0.618074
Lamey Bernard;"<!DOCTYPE html><html><head></head><body><script type=""text/javascript"">window.location.href=""https://www.google.com/earth/rpc/entity?lat=44.20106305&lng=0.6302079&fid=0x12abb327850584cf:0x76be4e7a597208e9&q=médecin généraliste à proximité de Agen&hl=fr&gl=fr&client=earth-client&cv=7.1.2.2041&useragent=GoogleEarth/7.1.2.2041(Windows;Microsoft Windows (6.1.7601.1);fr;kml:2.2;client:Free;type:default)"";</script></body></html>";227 Rue Lamennais, 47000 Agen;"{""type"": ""Point"", ""coordinates"": [0.612726, 44.20787]}";"https://www.google.com/earth/rpc/entity?lat=44.20106305&lng=0.6302079&fid=0x12abb327850584cf:0x76be4e7a597208e9&q=médecin généraliste à proximité de Agen&hl=fr&gl=fr&client=earth-client&cv=7.1.2.2041&useragent=GoogleEarth/7.1.2.2041(Windows;Microsoft Windows (6.1.7601.1);fr;kml:2.2;client:Free;type:default)";44.20787,0.612726
Gouget Jean-François;"<!DOCTYPE html><html><head></head><body><script type=""text/javascript"">window.location.href=""https://www.google.com/earth/rpc/entity?lat=44.203466500000005&lng=0.6191125&fid=0x12abb323f44f55ef:0xec6d2a907637bfcf&q=médecin généraliste à proximité de Agen&hl=fr&gl=fr&client=earth-client&cv=7.1.2.2041&useragent=GoogleEarth/7.1.2.2041(Windows;Microsoft Windows (6.1.7601.1);fr;kml:2.2;client:Free;type:default)"";</script></body></html>";21 Rue des Colonels Lacuée, 47000 Agen;"{""type"": ""Point"", ""coordinates"": [0.6157600000000001, 44.202615]}";"https://www.google.com/earth/rpc/entity?lat=44.203466500000005&lng=0.6191125&fid=0x12abb323f44f55ef:0xec6d2a907637bfcf&q=médecin généraliste à proximité de Agen&hl=fr&gl=fr&client=earth-client&cv=7.1.2.2041&useragent=GoogleEarth/7.1.2.2041(Windows;Microsoft Windows (6.1.7601.1);fr;kml:2.2;client:Free;type:default)";44.202615,0.61576
Debats Pierre;"<!DOCTYPE html><html><head></head><body><script type=""text/javascript"">window.location.href=""https://www.google.com/earth/rpc/entity?lat=44.20106305&lng=0.6302079&fid=0x12abb31898d553d3:0x74a601845415d36c&q=médecin généraliste à proximité de Agen&hl=fr&gl=fr&client=earth-client&cv=7.1.2.2041&useragent=GoogleEarth/7.1.2.2041(Windows;Microsoft Windows (6.1.7601.1);fr;kml:2.2;client:Free;type:default)"";</script></body></html>";50 Boulevard du Président Carnot, 47000 Agen;"{""type"": ""Point"", ""coordinates"": [0.62067, 44.202218]}";"https://www.google.com/earth/rpc/entity?lat=44.20106305&lng=0.6302079&fid=0x12abb31898d553d3:0x74a601845415d36c&q=médecin généraliste à proximité de Agen&hl=fr&gl=fr&client=earth-client&cv=7.1.2.2041&useragent=GoogleEarth/7.1.2.2041(Windows;Microsoft Windows (6.1.7601.1);fr;kml:2.2;client:Free;type:default)";44.202218,0.62067
Kfoury Joseph;"<!DOCTYPE html><html><head></head><body><script type=""text/javascript"">window.location.href=""https://www.google.com/earth/rpc/entity?lat=44.203466500000005&lng=0.6191125&fid=0x12abb31970549787:0x59d4ec64179c4118&q=médecin généraliste à proximité de Agen&hl=fr&gl=fr&client=earth-client&cv=7.1.2.2041&useragent=GoogleEarth/7.1.2.2041(Windows;Microsoft Windows (6.1.7601.1);fr;kml:2.2;client:Free;type:default)"";</script></body></html>";94 Rue Emile Zola, 47000 Agen;"{""type"": ""Point"", ""coordinates"": [0.6243839999999999, 44.201554]}";"https://www.google.com/earth/rpc/entity?lat=44.203466500000005&lng=0.6191125&fid=0x12abb31970549787:0x59d4ec64179c4118&q=médecin généraliste à proximité de Agen&hl=fr&gl=fr&client=earth-client&cv=7.1.2.2041&useragent=GoogleEarth/7.1.2.2041(Windows;Microsoft Windows (6.1.7601.1);fr;kml:2.2;client:Free;type:default)";44.201554,0.624384
Chellier Marc;"<!DOCTYPE html><html><head></head><body><script type=""text/javascript"">window.location.href=""https://www.google.com/earth/rpc/entity?lat=44.20106305&lng=0.6302079&fid=0x12abb31ea0e652ef:0x58841cb956a529be&q=médecin généraliste à proximité de Agen&hl=fr&gl=fr&client=earth-client&cv=7.1.2.2041&useragent=GoogleEarth/7.1.2.2041(Windows;Microsoft Windows (6.1.7601.1);fr;kml:2.2;client:Free;type:default)"";</script></body></html>";31 Cours du 14 Juillet, 47000 Agen;"{""type"": ""Point"", ""coordinates"": [0.625108, 44.204088]}";"https://www.google.com/earth/rpc/entity?lat=44.20106305&lng=0.6302079&fid=0x12abb31ea0e652ef:0x58841cb956a529be&q=médecin généraliste à proximité de Agen&hl=fr&gl=fr&client=earth-client&cv=7.1.2.2041&useragent=GoogleEarth/7.1.2.2041(Windows;Microsoft Windows (6.1.7601.1);fr;kml:2.2;client:Free;type:default)";44.204088,0.625108
Loisillon Franck;"<!DOCTYPE html><html><head></head><body><script type=""text/javascript"">window.location.href=""https://www.google.com/earth/rpc/entity?lat=44.20106305&lng=0.6302079&fid=0x12abb31b508fcf65:0xdb7c28e75c3eb68f&q=médecin généraliste à proximité de Agen&hl=fr&gl=fr&client=earth-client&cv=7.1.2.2041&useragent=GoogleEarth/7.1.2.2041(Windows;Microsoft Windows (6.1.7601.1);fr;kml:2.2;client:Free;type:default)"";</script></body></html>";197 Avenue Jean Jaurès, 47000 Agen;"{""type"": ""Point"", ""coordinates"": [0.628518, 44.203348]}";"https://www.google.com/earth/rpc/entity?lat=44.20106305&lng=0.6302079&fid=0x12abb31b508fcf65:0xdb7c28e75c3eb68f&q=médecin généraliste à proximité de Agen&hl=fr&gl=fr&client=earth-client&cv=7.1.2.2041&useragent=GoogleEarth/7.1.2.2041(Windows;Microsoft Windows (6.1.7601.1);fr;kml:2.2;client:Free;type:default)";44.203348,0.628518
Girard Alain;"<!DOCTYPE html><html><head></head><body><script type=""text/javascript"">window.location.href=""https://www.google.com/earth/rpc/entity?lat=44.20106305&lng=0.6302079&fid=0x12abb31e7ab97efd:0xe278017ccd2f8de5&q=médecin généraliste à proximité de Agen&hl=fr&gl=fr&client=earth-client&cv=7.1.2.2041&useragent=GoogleEarth/7.1.2.2041(Windows;Microsoft Windows (6.1.7601.1);fr;kml:2.2;client:Free;type:default)"";</script></body></html>";19 Boulevard Sylvain Dumon, 47000 Agen;"{""type"": ""Point"", ""coordinates"": [0.62475, 44.206452]}";"https://www.google.com/earth/rpc/entity?lat=44.20106305&lng=0.6302079&fid=0x12abb31e7ab97efd:0xe278017ccd2f8de5&q=médecin généraliste à proximité de Agen&hl=fr&gl=fr&client=earth-client&cv=7.1.2.2041&useragent=GoogleEarth/7.1.2.2041(Windows;Microsoft Windows (6.1.7601.1);fr;kml:2.2;client:Free;type:default)";44.206452,0.62475
Burny-Pichon Sylvie;"<!DOCTYPE html><html><head></head><body><script type=""text/javascript"">window.location.href=""https://www.google.com/earth/rpc/entity?lat=44.20106305&lng=0.6302079&fid=0x12abb32054729d45:0x18a73daba83f1215&q=médecin généraliste à proximité de Agen&hl=fr&gl=fr&client=earth-client&cv=7.1.2.2041&useragent=GoogleEarth/7.1.2.2041(Windows;Microsoft Windows (6.1.7601.1);fr;kml:2.2;client:Free;type:default)"";</script></body></html>";51 Bis Rue des Cornières, 47000 Agen;"{""type"": ""Point"", ""coordinates"": [0.618201, 44.206181]}";"https://www.google.com/earth/rpc/entity?lat=44.20106305&lng=0.6302079&fid=0x12abb32054729d45:0x18a73daba83f1215&q=médecin généraliste à proximité de Agen&hl=fr&gl=fr&client=earth-client&cv=7.1.2.2041&useragent=GoogleEarth/7.1.2.2041(Windows;Microsoft Windows (6.1.7601.1);fr;kml:2.2;client:Free;type:default)";44.206181,0.618201
